uniprot,yeast,Day1,Day6,Day12,Day17,gene,orf
Q21215,ASC1,-0.508221676,-0.844144581,0.519803246,0.716789382,rack-1,K04D7.1.1
P90919,RQC1,-0.559932264,-0.878529177,0.343402907,NA,CELE_K07A12.1,K07A12.1
Q9BKR5,RQC2,-0.331758159,-0.317188278,0.857730417,-0.035342381,CELE_Y82E9BR.18,Y82E9BR.18.1
Q18782,HEL2,NA,NA,NA,NA,C52E12.1,C52E12.1
Q65XX2,LTN1,-0.883745241,-0.626672753,0.743286669,1.633031603,Y54E10A.11,Y54E10A.11.1