day,replicate,per_survival
2,Rep1,100
3,Rep1,100
5,Rep1,84
7,Rep1,38
10,Rep1,41.66666667
12,Rep1,18.37037037
14,Rep1,35.55555556
17,Rep1,38.88888889
2,Rep2,100
3,Rep2,88.42105263
5,Rep2,75.52631579
7,Rep2,26.84210526
10,Rep2,39.34210526
12,Rep2,31.69590643
14,Rep2,16.7251462
17,Rep2,16.84210526
2,Rep3,100
3,Rep3,92.82511211
5,Rep3,70.40358744
7,Rep3,51.12107623
10,Rep3,21.18834081
12,Rep3,31.78873941
14,Rep3,20.12954659
17,Rep3,17.93721973