uniprot,gene,Day1,Day6,Day12,Day17
Q03577,dars-1,-1.498123451,-1.370108469,0.435468129,0.287060919
Q86D21,tars-1,-1.95962227,-1.559149148,0.647975383,0.848374942
G5EDY2,wars-1,-1.070112454,-0.690640579,0.562151984,0.792257047
Q9U1Q4,glp-4,-1.098481121,-1.296428039,0.936784435,0.881613693
Q19825,rars-1,-1.075803717,-1.136125748,0.775075405,0.694041149
Q19722,nars-1,-1.829762308,-1.44794941,0.659667877,0.788364747
Q20970,mars-1,-1.568765428,-1.258398318,0.624621752,0.793556817
Q09996,lars-1,-1.473427947,-1.265496907,0.762459556,0.87508961
O62431,qars-1,-0.927188077,-0.925011974,0.797132787,0.62002423