orf,ID,log2FoldChange,genotype,padj,gene
YPL009C,a,-1.24609954,WT,1.17E-09,RQC2
YDR266C,a,-0.712857936,WT,0.001523057,HEL2
YMR247C,a,-0.56046634,WT,0.006483746,LTN1
YMR116C,a,-2.26725997,WT,4.08E-40,ASC1
YDR333C,a,0.106304938,WT,0.649101519,RQC1
YPL009C,b,-1.401352543,sch9,2.04E-20,RQC2
YDR266C,b,-0.588330515,sch9,0.000129659,HEL2
YMR116C,b,-2.058622198,sch9,9.79E-26,ASC1
YMR247C,b,-0.136467545,sch9,0.37429984,LTN1
YDR333C,b,-0.042328835,sch9,0.812613921,RQC1